orange_to_orange,blue_to_blue,orange_to_blue
2.023438986980092,1.2465688619740483,2.9314673234851925
1.4956616097515967,1.3826442270199473,3.0171645580070985
1.425849079359758,1.352765910297345,2.9661499027197986
1.627109171247042,1.2624249020764946,2.9072214458648844
