orange_to_orange,blue_to_blue,orange_to_blue
4.964554565535204,6.895762304868027,4.254263205347674
5.146129355937325,7.256748810498911,4.944828140586367
9.678229145956614,6.876405358652726,4.381290971029622
4.941514873483525,15.252038382057197,15.808190738022674
