orange_to_orange,blue_to_blue,orange_to_blue
2.885512482132758,2.7347564602437733,3.3554771251755136
4.680986001828448,2.9953854202712304,4.202099728592927
2.948129389601551,2.7496984304762173,3.667335377995723
3.0274530914488684,2.780583522001619,3.157222198098362
